district_name,hood_name,population,sip_count,sip_per_capita
Osmangazi,Ahmetbey Mahellesi,563,0,0.0000
Yıldırım,Sakarya Mahallesi,10534,0,0.0000
Osmangazi,Gülbahçe Mahallesi,7575,0,0.0000
Osmangazi,Küplüpınar Mahellesi,10366,0,0.0000
Osmangazi,Alaşarköy Mahallesi,1688,0,0.0000
Osmangazi,Kemerçeşme Mahallesi,5319,0,0.0000
Osmangazi,Başaran Mahallesi,15192,0,0.0000
Yıldırım,Karapınar Mahallesi,14701,0,0.0000
Osmangazi,Yeşilova Mahallesi,12179,0,0.0000
Nilüfer,Tahtalı Mahallesi,1246,0,0.0000
Yıldırım,Ulus Mahallesi,17435,0,0.0000
Osmangazi,Demirtaş Barbaros Mahallesi,23770,0,0.0000
Osmangazi,Gündoğdu Mahallesi,1930,0,0.0000
Osmangazi,Karabalçık Mahallesi,822,0,0.0000
Osmangazi,Namık Kemal Mahallesi,7615,0,0.0000
Osmangazi,Selçukgazi Mahallesi,760,0,0.0000
Osmangazi,Zafer Mahallesi,3873,0,0.0000
Osmangazi,Aksungur Mahallesi,383,0,0.0000
Osmangazi,Ovaakça Merkez,4053,0,0.0000
Nilüfer,Minareliçavuş Mahallesi,5194,0,0.0000
Osmangazi,İsmetiye Mahallesi,1879,0,0.0000
Osmangazi,Nilüferköy Mahallesi,3604,0,0.0000
Osmangazi,Mehmet Akif Mahallesi,7433,0,0.0000
Osmangazi,Armutköy Mahallesi,593,0,0.0000
Osmangazi,Çeltikköy Mahallesi,605,0,0.0000
Osmangazi,Çağlayan Mahallesi,1187,0,0.0000
Osmangazi,Soğanlı Mahallasi,25671,0,0.0000
Osmangazi,Dereçavuşköy Mahallesi,474,0,0.0000
Osmangazi,Çukurcaköy Mahallesi,1811,0,0.0000
Yıldırım,Kaplıkaya Mahallesi,3678,0,0.0000
Osmangazi,Yenikent Mahallesi,6736,0,0.0000
Yıldırım,Çelebi Mehmet Mahallesi,8376,0,0.0000
Osmangazi,Alemdar Mahallesi,21846,0,0.0000
Osmangazi,Altınova Mahallesi,4821,0,0.0000
Osmangazi,Tuna Mahallesi,5724,0,0.0000
Osmangazi,Demirtaş Cumhuriyet Mahallesi,47262,0,0.0000
Nilüfer,Işıktepe Mahallesi,3839,0,0.0000
Yıldırım,Vakıf Mahallesi,10317,0,0.0000
Osmangazi,Doğanevler Mahallesi,5147,0,0.0000
Osmangazi,Panayır Mahallesi,24074,0,0.0000
Osmangazi,Koğukçınar Mahallesi,5891,0,0.0000
Yıldırım,Mevlana Mahallesi,10357,0,0.0000
Osmangazi,Bahar Mahallesi,5764,0,0.0000
Nilüfer,Doğanköy Mahallesi,2182,0,0.0000
Yıldırım,Demetevler Mahallesi,10022,0,0.0000
Yıldırım,Zeyniler Mahallesi,216,0,0.0000
Yıldırım,Anadolu Mahallesi,1966,0,0.0000
Yıldırım,Balaban Mahallesi,265,0,0.0000
Osmangazi,Veysel Karani Mahallesi,1928,0,0.0000
Yıldırım,Samanlı Mahallesi,9221,0,0.0000
Osmangazi,Çirişhane Mahallesi,9068,0,0.0000
Osmangazi,Yeniceabat Mahallesi,1663,0,0.0000
Yıldırım,İsabey Mahallesi,7096,0,0.0000
Nilüfer,Yayalacık Mahallesi,2039,0,0.0000
Osmangazi,Yiğitali Mahallesi,542,0,0.0000
Osmangazi,Demirtaş Dumlupınar Mahallesi,8940,0,0.0000
Osmangazi,Fatih Mahallesi,12865,0,0.0000
Nilüfer,Ürünlü Mahallesi,1338,0,0.0000
Yıldırım,Arabayatağı Mahallesi,21622,0,0.0000
Yıldırım,Kazım Karabekir Mahallesi,9474,0,0.0000
Yıldırım,Duaçınarı Mahallesi,2710,0,0.0000
Yıldırım,Vatan Mahallesi,8484,0,0.0000
Yıldırım,Millet Mahallesi,38999,0,0.0000
Yıldırım,Şirinevler Mahallesi,23944,0,0.0000
Yıldırım,Yunus Emre Mahallesi,11107,0,0.0000
Osmangazi,Sırameşeler Mahallesi,12478,0,0.0000
Osmangazi,Demirtaş Sakarya Mahallesi,16041,0,0.0000
Osmangazi,Ovaakça Çeşmebaşı Mahallesi,2849,0,0.0000
Yıldırım,Hamamlıkızık Mahallesi,694,0,0.0000
Osmangazi,Çiftehavuzlar Mahallesi,18338,0,0.0000
Osmangazi,Atıcılar Mahallesi,8888,0,0.0000
Yıldırım,Değirmenönü Mahallesi,26421,0,0.0000
Yıldırım,Çınarönü Mahallesi,14421,0,0.0000
Osmangazi,Avdancık Mahallesi,457,0,0.0000
Osmangazi,Ovaakça Eğitim,1535,0,0.0000
Yıldırım,Yiğitler Mahallesi,11833,0,0.0000
Yıldırım,Hacivat Mahallesi,16220,0,0.0000
Osmangazi,Dürdane Mahallesi,1092,0,0.0000
Yıldırım,Cumalıkızık Mahallesi,699,0,0.0000
Osmangazi,Elmaçukur Mahallesi,150,0,0.0000
Osmangazi,Seç Mahallesi,525,0,0.0000
Osmangazi,Ovaakça Santral,3039,0,0.0000
Osmangazi,Küçükbalıklı Mahallesi,20641,0,0.0000
Nilüfer,30 Ağustos Zafer Mahallesi,15605,1,0.0001
Yıldırım,Akçağlayan Mahallesi,15912,1,0.0001
Osmangazi,Selamet Mahallesi,6484,1,0.0002
Yıldırım,Fidyekızık Mahallesi,5097,2,0.0004
Osmangazi,Gaziakdemir Mahallesi,2844,3,0.0011
Yıldırım,Sıracevizler Mahallesi,6500,12,0.0018
Yıldırım,Esenevler Mahallesi,17361,31,0.0018
Yıldırım,Yeşilyayla Mahallesi,6440,13,0.0020
Yıldırım,75. Yıl Mahallesi,10815,23,0.0021
Yıldırım,Güllük Mahallesi,9609,22,0.0023
Yıldırım,Ortabağlar Mahallesi,15172,37,0.0024
Yıldırım,Maltepe Mahellesi,6579,18,0.0027
Yıldırım,Erikli Mahallesi,11898,37,0.0031
Yıldırım,Zümrütevler Mahallesi,13043,41,0.0031
Osmangazi,Yenibağlar Mahallesi,17576,62,0.0035
Yıldırım,Bağlaraltı Mahallesi,18045,64,0.0035
Yıldırım,Eğitim Mahallesi,11176,39,0.0035
Yıldırım,Yediselviler Mahallesi,4278,16,0.0037
Osmangazi,Santral Garaj Mahallesi,794,3,0.0038
Osmangazi,Pınarbaşı Mahallesi,2123,8,0.0038
Yıldırım,Selçukbey Mahallesi,11185,43,0.0038
Yıldırım,Mehmet Akif Ersoy Mahallesi,6675,26,0.0039
Yıldırım,Değirmenlikızık Mahallesi,16721,65,0.0039
Yıldırım,Siteler Mahallesi,5025,20,0.0040
Yıldırım,Hocataşkın Mahallesi,1221,5,0.0041
Yıldırım,Piremir Mahallesi,12580,53,0.0042
Yıldırım,Musababa Mahallesi,3137,15,0.0048
Yıldırım,Mimar Sinan Mahallesi,11893,61,0.0051
Osmangazi,Emek Fatih Sultan Mehmet Mahallesi,24404,125,0.0051
Yıldırım,Ertuğrulgazi Mahallesi,9028,48,0.0053
Yıldırım,Teferrüç Mahallesi,5558,30,0.0054
Yıldırım,Baruthane Mahallesi,7916,47,0.0059
Osmangazi,İvazpaşa Mahallesi,2675,16,0.0060
Yıldırım,Karamazak Mahallesi,3768,23,0.0061
Yıldırım,Beyazıt Mahallesi,7164,45,0.0063
Yıldırım,Şükraniye Mahallesi,8559,56,0.0065
Osmangazi,Emek Zekai Gümüşdiş Mahallesi,9937,66,0.0066
Yıldırım,Emirsultan Mahallesi,5766,39,0.0068
Osmangazi,Demirkapı Mahallesi,1575,11,0.0070
Yıldırım,Davutkadı Mahallesi,6732,47,0.0070
Yıldırım,Yıldırım Mahallesi,6575,46,0.0070
Yıldırım,Davutdede Mahallesi,6470,46,0.0071
Osmangazi,Mollafenari Mahallesi,5766,41,0.0071
Yıldırım,Meydancık Mahallesi,2095,16,0.0076
Yıldırım,Namazgah Mahallesi,4070,31,0.0076
Osmangazi,Alacahırka Mahallesi,3726,29,0.0078
Yıldırım,Selimzade Mehallesi,3476,27,0.0078
Osmangazi,Alaaddin Mahallesi,2055,16,0.0078
Osmangazi,Doburca Mahallesi,760,6,0.0079
Yıldırım,Yeşil Mahallesi,3973,33,0.0083
Yıldırım,Sinandede Mahallesi,6346,54,0.0085
Yıldırım,Umurbey Mahallesi,5545,49,0.0088
Osmangazi,Bağlarbaşı Mahallesi,35887,321,0.0089
Yıldırım,Hacıseyfettin Mahallesi,7121,64,0.0090
Osmangazi,Hürriyet Mahallesi,4633,42,0.0091
Osmangazi,Geçit Mahallesi,19195,179,0.0093
Osmangazi,Ahmatpaşa Mahallesi,1802,18,0.0100
Osmangazi,Hamitler Mahallesi,52062,549,0.0105
Osmangazi,Maksem Mahallesi,4333,46,0.0106
Osmangazi,Hamzabey Mahallesi,2661,29,0.0109
Osmangazi,Güneştepe Mahallasi,29554,335,0.0113
Osmangazi,Kocanaip Mahallesi,1662,20,0.0120
Osmangazi,Alipaşa Mahallesi,2248,27,0.0120
Osmangazi,Yahşibey Mahallesi,2725,33,0.0121
Osmangazi,Akpınar Mahallesi,10886,135,0.0124
Osmangazi,Yenikaraman Mahallesi,10629,132,0.0124
Yıldırım,Yeşil Mahallesi,2596,33,0.0127
Osmangazi,Emek Adnan Menderes Mahallesi,33919,433,0.0128
Yıldırım,Mollaarap Mahallesi,8280,106,0.0128
Osmangazi,Elmasbahçeler Mahallesi,9467,125,0.0132
Osmangazi,Ebu İshak Mahallesi,960,13,0.0135
Yıldırım,Yenimahalle Mahallesi,3973,55,0.0138
Yıldırım,Karaağaç Mahallesi,6398,90,0.0141
Osmangazi,Dikkaldırım Mahallesi,18401,260,0.0141
Osmangazi,Altıparmak Mahallesi,2050,31,0.0151
Osmangazi,Osmangazi Mahallesi,2086,32,0.0153
Osmangazi,Soğukkuyu Mahallesi,9738,150,0.0154
Osmangazi,Tahtakale Mahallesi,1207,19,0.0157
Nilüfer,Karaman Mahallisi,11484,182,0.0158
Osmangazi,Çırpan Mahallesi,4908,79,0.0161
Osmangazi,Aktarhüssam Mahallesi,1386,23,0.0166
Osmangazi,Sakarya Mahallesi,4197,76,0.0181
Osmangazi,Demirtaşpaşa Mahallesi,4024,73,0.0181
Osmangazi,Hüdavendigar Mahallesi,22179,402,0.0181
Osmangazi,Yunuseli Mahallesi,42519,771,0.0181
Osmangazi,İstiklal Mahallesi,9588,176,0.0184
Osmangazi,Selimiye Mahallesi,2088,40,0.0192
Osmangazi,Nalbantoğlu Mahallesi,1405,27,0.0192
Osmangazi,İbrahimpaşa Mahallesi,2217,43,0.0194
Nilüfer,Esentepe Mahallesi,13096,256,0.0195
Osmangazi,İntizam Mahallesi,3118,62,0.0199
Osmangazi,Mollagürani Mahallesi,747,15,0.0201
Nilüfer,Fethiye Mahallesi,21920,451,0.0206
Osmangazi,Hacıilyas Mahallesi,2439,52,0.0213
Nilüfer,Konak Mahallesi,24807,532,0.0214
Osmangazi,Hocaalizade Mahallesi,1675,36,0.0215
Nilüfer,İhsaniye Mahallesi,28846,629,0.0218
Osmangazi,Şehabettinpaşa Mahallesi,868,19,0.0219
Osmangazi,Hocahasan Mahallesi,4356,96,0.0220
Osmangazi,Muradiye Mahallesi,3213,71,0.0221
Nilüfer,Çamlıca Mahallesi,17741,396,0.0223
Nilüfer,Gümüştepe Mahallesi,2552,63,0.0247
Nilüfer,Özlüce Mahallesi,4073,101,0.0248
Osmangazi,Kükürtlü Mahallesi,11217,298,0.0266
Yıldırım,Kurtoğlu Mahallesi,3313,89,0.0269
Nilüfer,Beşevler Mahallesi,23320,627,0.0269
Osmangazi,İnkaya Mahallesi,702,19,0.0271
Nilüfer,Yüzüncüyıl Mahallesi,18806,516,0.0274
Osmangazi,Orhanbey Mahallesi,291,8,0.0275
Osmangazi,Kavaklı Mahallesi,1084,30,0.0277
Osmangazi,Kayıhan Mahallesi,1214,34,0.0280
Nilüfer,Kurtuluş Mahallesi,8609,247,0.0287
Osmangazi,Kuruçeşme Mahallesi,938,27,0.0288
Nilüfer,Balat Mahallesi,21167,662,0.0313
Nilüfer,Demirci Mahallesi,15415,489,0.0317
Nilüfer,Barış Mahallesi,13667,441,0.0323
Osmangazi,Tayakadın Mahallesi,1800,59,0.0328
Nilüfer,Ataevler Mahallesi,17793,589,0.0331
Osmangazi,Ulu Mahallesi,2024,68,0.0336
Nilüfer,Ertuğrul Mahallesi,13058,449,0.0344
Nilüfer,Kültür Mahallesi,13452,484,0.0360
Nilüfer,Üçevler Mahallesi,27559,1003,0.0364
Osmangazi,Çekirge Mahallesi,11143,407,0.0365
Osmangazi,Şehreküstü Mahallesi,409,15,0.0367
Nilüfer,Cumhuriyet Mahallesi,16705,616,0.0369
Nilüfer,29 Ekim Mahallesi,14587,576,0.0395
Osmangazi,Doğanbey Mahallesi,2609,104,0.0399
Osmangazi,Kiremitçi Mahallesi,3037,122,0.0402
Nilüfer,Altınşehir Mahallesi,18830,783,0.0416
Nilüfer,Ahmet Yesevi Mahallesi,9021,416,0.0461
Osmangazi,Kırcaali Mahallesi,1382,65,0.0470
Nilüfer,Görükle Mahallesi,32489,1935,0.0596
Osmangazi,Tuzpazarı Mahallesi,279,18,0.0645
Nilüfer,Alaaaddinbey Mahallesi,965,63,0.0653
Osmangazi,Reyhan Mahallesi,504,34,0.0675
Nilüfer,Odunluk Mahallesi,7362,541,0.0735
Osmangazi,Alacamascit Mahallesi,290,26,0.0897
Nilüfer,Dumlupınar Mahallesi,28594,2838,0.0993
